{"race": 5, "age": 7, "engnat": 3, "gender": 4, "hand": 4, "E1": 6, "E2": 6, "E3": 6, "E4": 6, "E5": 6, "E6": 6, "E7": 6, "E8": 6, "E9": 6, "E10": 6, "N1": 6, "N2": 6, "N3": 6, "N4": 6, "N5": 6, "N6": 6, "N7": 6, "N8": 6, "N9": 6, "N10": 6, "A1": 6, "A2": 6, "A3": 6, "A4": 6, "A5": 6, "A6": 6, "A7": 6, "A8": 6, "A9": 6, "A10": 6, "C1": 6, "C2": 6, "C3": 6, "C4": 6, "C5": 6, "C6": 6, "C7": 6, "C8": 6, "C9": 6, "C10": 6, "O1": 6, "O2": 6, "O3": 6, "O4": 6, "O5": 6, "O6": 6, "O7": 6, "O8": 6, "O9": 6, "O10": 6}